Formacode,Description
15054,développement professionnel et personnel
15061,accompagnement vers emploi
15070,technique recherche emploi
15031,adaptation sociale
15043,alphabétisation
15081,bilan professionnel
15062,orientation professionnelle
15059,connaissance monde actuel
15058,culture générale
15066,efficacité personnelle
15075,affirmation soi
15067,carte heuristique
15098,créativité personnelle
15096,développement mémoire
15020,évaluation personnalité
15097,gestion stress
15068,gestion temps
15078,intelligence émotionnelle
15036,lecture rapide
15069,organisation personnelle
15089,raisonnement logique
15099,résolution problème
15079,valorisation image de soi
15091,gestion carrière personnelle
15041,mise à niveau
15030,calcul mise à niveau
15040,français mise à niveau
15050,mise à niveau technologique
15051,découverte ordinateur
15052,bureautique
15084,préparation entrée formation
15073,préparation examen concours
15094,préparation entrée grande école
15093,préparation entrée université
15048,préparation retraite
15064,préparation VAE
15034,relation interpersonnelle
15004,communication professionnelle
15044,écoute active
15007,expression corporelle
15011,expression écrite
15021,atelier écriture
15018,écrivain public
15001,prise notes
15010,rapport
15000,synthèse
15012,expression orale
15003,expression média
15002,prise parole
15005,méthodologie négociation
15013,PNL
15006,relation interculturelle
15038,vie quotidienne loisir
15029,bricolage
15008,budget familial
15019,couture initiation
15009,éducation ménagère
15039,jardinage
15017,mécanique familiale
15015,sécurité domestique
44554,ingénierie formation pédagogie
44590,accompagnement formation
44591,conseil accompagnement VAE
44595,technique orientation professionnelle
44569,conseil insertion professionnelle
44588,tutorat entreprise
44557,ingénierie formation
44579,audit formation
44529,besoin formation
44517,conception action formation
44589,conseil formation
44539,évaluation formation
44586,formation formateur
44583,formation enseignant
44564,connaissance programme enseignement
44577,formation formateur occasionnel
44587,formation formateur spécialisé
44559,gestion formation
44538,achat formation
44548,gestion alternance
44549,gestion entreprise formation
44547,projet établissement formation
44528,responsable formation
44508,plan développement compétences
44536,normalisation formation
44542,pédagogie
44534,didactique
44515,didactique langue
44514,enseignement individualisé
44562,méthode pédagogique
44571,éducabilité cognitive
44570,ARL
44560,programme enrichissement instrumental
44580,tanagra
44575,formation ouverte et à distance
44593,conception formation à distance
44596,tutorat formation à distance
44573,outil pédagogique
44582,jeu pédagogique
44584,multimédia pédagogique
44513,pédagogie alternance
44521,pédagogie public spécifique
44501,pédagogie illettrisme
44510,pédagogie interculturelle
44502,pédagogie public en difficulté
44540,relation pédagogique
44530,sciences éducation
13254,droit
13207,audit juridique
13231,droit comparé
13267,droit international
13269,contentieux international
13258,contrat international
13287,droit communautaire
13299,droit communautaire affaires
13246,droit communautaire immobilier
13298,droit communautaire social
13268,droit international privé
13278,droit international public
13277,droit national étranger
13279,droit maritime
13274,droit privé
13261,droit affaires
13272,droit commercial
13291,contentieux commercial
13270,contrat commercial
13292,droit concurrence et consommation
13280,recouvrement créance
13262,droit société
13250,constitution société
13288,forme juridique entreprise
13281,statut entreprise individuelle
13271,statut groupement
13251,statut organisation sans but lucratif
13273,statut société
13252,procédure collective
13260,transmission entreprise
13285,droit civil
13256,droit contrat
13295,droit personnes famille
13296,responsabilité civile
13286,droit immobilier
13297,bail immobilier
13266,droit judiciaire privé
13219,droit pénal national
13276,droit presse
13253,droit propriété intellectuelle
13243,droit auteur
13235,droit données personnelles
13238,Règlement général protection données
13245,droit propriété industrielle
13234,droit social
13236,droit protection sociale
13205,droit sécurité sociale
13222,droit travail
13202,conseil prud'hommes
13214,droit formation professionnelle continue
13220,droit syndical
13201,droit travail pays étranger
13213,inspection travail
13204,pouvoir disciplinaire
13275,notariat
13263,responsabilité dirigeant
13237,droit public
13218,droit administratif
13209,marché public
13210,dématérialisation marché public
13239,droit constitutionnel
13249,droit civique
13229,droit urbanisme
13354,droit fiscal
13315,audit fiscal
13379,contribution économique territoriale
13361,contribution unique formation professionnelle alternance
13364,contribution formation professionnelle
13398,taxe apprentissage
13324,contrôle fiscal
13304,contentieux fiscal
13303,contrôle urssaf
13346,défiscalisation
13351,droit enregistrement
13366,fiscalité entreprise
13384,fiscalité association
13375,fiscalité groupement
13382,fiscalité société
13392,régime imposition
13381,déficit fiscal
13393,résultat fiscal
13321,fiscalité immobilière
13310,taxe foncière
13327,fiscalité internationale
13318,fiscalité européenne
13331,fiscalité mobilière
13380,fiscalité non-salarié
13362,fiscalité particulier
13360,impôt fortune
13371,impôt revenu
13326,imprimé fiscal
13306,déclaration sociale nominative
13307,liasse fiscale
13313,plus-value
13312,taxe parafiscale
13386,taxe sur salaire
13396,taxe effort construction
13389,TVA
13378,tva intracommunautaire
13154,économie
13138,analyse économique
13149,économétrie
13129,prévision économique
13127,comptabilité nationale
13115,connaissance entreprise
13113,économie membre comité social économique
13183,économie internationale
13194,économie PVD
13192,union européenne
13141,économie monétaire
13130,économie monétaire européenne
13162,économie nationale
13171,économie régionale
13166,économie secteur activité
13158,économie agricole
13168,économie tourisme
13175,économie sociale
13187,gestion association
13196,gestion coopérative
13121,gestion publique
13110,contrôle gestion publique
13133,microéconomie
15254,langues
15287,allemand
15288,allemand appliqué
15299,allemand commercial
15298,allemand secrétariat
15289,allemand technique
15297,allemand tourisme
15234,anglais
15213,américain
15214,anglais appliqué
15205,anglais commercial
15206,anglais secrétariat
15204,anglais technique
15203,anglais tourisme
15259,arabe
15251,braille
15228,espagnol
15229,espagnol appliqué
15219,espagnol commercial
15209,espagnol secrétariat
15207,espagnol technique
15227,espagnol tourisme
15269,espéranto
15274,finnois
15235,français langue étrangère
15226,français appliqué
15217,français commercial
15260,grec moderne
15290,hébreu
15286,hongrois
15241,interprétariat
15247,italien
15238,italien appliqué
15239,italien commercial
15236,italien secrétariat
15237,italien technique
15248,italien tourisme
15233,langue africaine
15240,langue amérindienne
15280,langue ancienne
15278,langue austronésienne
15250,langue des signes
15270,langue dialecte régional
15221,langue orientale
15212,chinois
15215,mandarin
15220,coréen
15210,japonais
15202,langue perse
15222,turc
15201,vietnamien
15282,langue scandinave
15291,danois
15293,norvégien
15292,suédois
15285,langue slave
15284,polonais
15294,russe
15283,russe appliqué
15296,serbo-croate
15295,tchèque
15276,luxembourgeois
15277,néerlandais
15218,portugais
15208,brésilien
15249,roumain
15231,traduction
15279,yiddish
14454,psychologie
14484,morphopsychologie
14403,neuropsychologie
14475,psychanalyse
14411,psychogérontologie
14405,psychologie cognitive
14420,psychologie enfant adolescent
14450,psychologie expérimentale
14461,psychologie sociale
14472,psychologie travail
14490,dynamique groupe
14414,psychopathologie
14441,psychopédagogie
14423,psychophysiologie
14456,psychothérapie
14498,analyse transactionnelle
14426,art thérapie
14407,musicothérapie
14406,scénothérapie
14497,Gestalt thérapie
14447,thérapie corporelle
14449,relaxation
14421,zoothérapie
14428,équithérapie
14477,thérapie groupe
14496,groupe Balint
14489,psychodrame
14469,thérapie familiale
14492,test psychologique
14435,urgence psychologique
13054,science politique
13041,fonction publique
13030,préparation examen concours fonction publique
13024,institution européenne
13087,institution politique
13082,politique communautaire
13091,aide communautaire
13089,politique agricole commune
13080,politique sociale communautaire
13036,politique internationale
13016,aide développement
13017,action humanitaire
13027,politique publique
13078,politique agricole
13096,politique culturelle
13057,politique économique
13049,planification
13084,politique emploi
13061,politique environnement
13092,politique formation
13038,politique santé
13072,politique sociale
13032,politique régionale
13021,collectivité territoriale
13012,décentralisation
14254,sciences humaines
14293,analyse systémique
14224,anthropologie
14201,culture civilisation
14228,éducation civique citoyenne
14235,ethnologie
14223,géographie humaine
14227,histoire
14207,archéologie
14208,généalogie
14216,histoire art
14229,histoire sciences et techniques
14238,numismatique
14215,sciences et techniques patrimoine
14272,linguistique
14290,analyse discours
14240,linguistique informatique
14261,littérature
14270,littérature étrangère
14284,méthodologie évaluation
14232,philosophie
14231,éthique
14220,éthique médicale
14221,éthique professionnelle
14295,recherche action
14241,religion
14256,sciences sociales
14258,démographie
14278,sciences cognitives
14277,sociologie
14286,analyse institutionnelle
14297,criminologie
14289,gérontologie
14279,sociologie éducation
14269,sociologie famille
14299,sociologie travail
11554,chimie
11527,analyse sensorielle
11576,chimie générale
11507,chimie physique
11597,cinétique chimique
11578,électrochimie
11596,photochimie
11588,radiochimie
11594,chimie minérale
11583,chimie mise à niveau
11561,chimie organique
11517,chimie fine
11595,chimie macromoléculaire
11550,pétrochimie
11551,raffinage pétrolier
11560,synthèse organique
11531,chimie verte
11557,conduite équipement industrie chimique pétrolière
11504,contrôle équipement industrie chimique pétrolière
11592,corrosion
11511,formulation mélange
11534,génie chimique
11536,chimie milieu colloïdal
11538,fluidisation
11528,granulation
11532,dépoussiérage
11521,procédé séchage
11512,procédé séparation purification
11501,cristallisation précipitation
11503,distillation industrielle
11510,filtration
11502,méthode physico-chimique analyse
11523,analyse chimique
11518,chromatographie
11519,chromatographie gazeuse
11520,chromatographie liquide
11522,dosage chimique
11508,électrochimie analytique
11514,méthodologie analytique chimique
11506,échantillonnage chimie
11515,étalonnage chimie
11516,préparation échantillon
11524,radioanalyse
11509,spectrométrie
11513,résonance magnétique
11526,spectrométrie atomique
11525,spectrométrie masse
11541,pharmacologie
11530,essai pharmacologique
11547,qualité chimie
11567,sécurité industrie chimique
11569,habilitation chimie
11559,sécurité industrie pétrochimique
11054,mathématiques
11076,algèbre
11097,algèbre boole
11085,algèbre linéaire
11095,calcul matriciel
11094,calcul tensoriel
11014,algorithme
11071,analyse mathématique
11082,analyse numérique
11080,calcul différentiel
11091,calcul intégral
11025,calcul scientifique
11067,géométrie
11069,trigonométrie
11058,logique mathématique
11052,mathématiques appliquées
11040,mathématiques financières
11050,mathématiques informatiques
11033,mathématiques décision
11022,recherche opérationnelle
11002,programmation linéaire
11001,théorie graphes
11083,mathématiques mise à niveau
11031,modèle mathématique
11020,modèle simulation
11036,statistique
11018,représentation graphique statistique
11037,série temporelle
11029,sondage
11017,statistique appliquée
11045,statistique descriptive
11016,analyse données
11006,analyse factorielle
11038,théorie probabilités
11057,statistique inférentielle
11007,plan expérience
23554,mécanique théorique
23585,balistique
23542,mécanique fluide
23530,aéraulique
23521,aérodynamique
23594,mécanique vol
23551,hydraulique
23581,hydrodynamique
23570,oléohydraulique
23523,pneumatique
23512,oléopneumatique
23583,mécanique surface
23546,résistance matériau
23567,calcul structure
23576,calcul élément fini
23587,calcul état limite
23569,mécanique plaque
23589,structure hyperstatique
23598,structure isostatique
23518,élasticité matériau
23525,essai mécanique
23539,fiabilité mécanique
23506,mesure mécanique
23529,plasticité matériau
23556,rhéologie
23517,rupture mécanique
23549,vibration mécanique
23534,technique vide
11454,physique
11474,astronomie
11494,astrophysique
11413,colorimétrie
11466,électromagnétisme
11477,compatibilité électromagnétique
11457,magnétisme
11467,optique
11479,laser
11489,sécurité laser
11469,rayonnement optique
11472,mécanique quantique
11481,photonique
11414,mesure optique
11404,microscopie électronique
11406,nanoscience nanotechnologie
11403,photométrie
11436,physique matière
11428,physique nucléaire
11438,physique plasma
11448,physique solides
11449,cristallographie
11483,physique mise à niveau
11475,propagation onde
11486,acoustique
11497,acoustique architecturale
11452,thermodynamique
11450,cryogénie
11461,thermique
11470,transfert thermique
11421,thermométrie
12254,sciences de la terre
12252,géographie physique
12232,géomatique
12273,géomorphologie
12250,hydrologie
12261,météorologie
12270,hygrométrie
12241,océanographie
12281,pédologie
12275,géologie
12296,géochimie
12269,minéralogie
12288,paléontologie
12297,pétrographie
12256,prospection géologique
12248,exploitation hydrocarbure
12237,exploitation mine carrière
12227,hydrogéologie
12279,sédimentologie
12212,sismologie
12298,tectonique
12295,volcanologie
12233,géophysique
12225,topographie
12205,cartographie
12207,géodésie
12054,sciences naturelles
12046,biologie
12028,anatomie
12008,bio-informatique
12058,biochimie
12069,enzymologie
12059,fermentation
12039,biologie moléculaire
12089,biophysique
12079,chronobiologie
12017,cytologie
12049,génétique
12007,histologie
12086,immunologie
12026,microbiologie
12015,bactériologie
12005,mycologie
12006,virologie
12036,nanobiologie
12035,parasitologie
12087,physiologie
12075,prévention sécurité biologie
12065,qualité laboratoire
12061,biologie marine
12067,biologie mise à niveau
12081,biotechnologie
12023,botanique
12003,biologie végétale
12002,malherbologie
12051,éthologie
12083,taxidermie
12032,zoologie
12030,entomologie
12040,ichtyologie
12041,ornithologie
12021,zootechnie
12010,expérimentation animale
45054,art
45027,art appliqué
45019,ameublement
45015,architecture intérieure
45009,architecture paysagère
45018,paysagisme intérieur
45006,esthétique industrielle
45066,art plastique
45058,calligraphie enluminure
45057,dessin art
45059,aérographie
45048,bande dessinée
45079,gravure art
45089,lithographie
45069,mosaïque art
45098,peinture art
45099,icône
45076,sculpture
45096,sculpture bois
45097,sculpture pierre
45004,art spectacle
45022,art dramatique
45013,art clownesque
45016,cascade
45020,cirque arts rue
45010,marionnette
45001,masque
45002,mime
45052,production spectacle
45034,spectacle pyrotechnique
45042,technique spectacle
45040,décor accessoire spectacle
45050,mise en scène spectacle
45060,régie spectacle
45062,régie lumière
45063,régie plateau
45061,régie son
45011,sécurité spectacle
45083,chant
45093,chant choral
45075,commerce art
45071,danse
45080,chorégraphie
45090,danse salon
45091,danse traditionnelle
45085,formation formateur art
45012,gestion carrière artiste
45073,musique
45072,direction orchestre
45094,musique assistée par ordinateur
45082,pratique instrumentale
45038,restauration objet art
45554,artisanat art
45529,BJO
45508,art pierre précieuse
45519,gemmologie
45509,joaillerie
45507,orfèvrerie
45599,brosserie
45571,cartonnage
45597,céramique poterie
45586,décoration céramique
45587,modelage céramique
45531,dentellerie broderie artisanale
45520,macramé
45539,dinanderie ferblanterie
45540,dorure art
45582,ébénisterie
45591,marqueterie
45598,émaillage art
45514,encadrement art
45517,fabrication abat-jour
45585,fabrication jouet jeu
45583,facture instrumentale
45592,archet
45595,lutherie
45558,ferronnerie art
45549,fonderie art
45548,art bronze
45513,maquettisme modèle réduit
45515,peinture bois
45501,peinture décorative
45516,peinture tissu
45594,reliure restauration livre
45577,tabletterie
45502,taille pierre
45510,façonnage cheminée intérieur
45506,gravure pierre
45505,marbrerie
45523,tapisserie ameublement
45512,couture ameublement
45503,garniture siège
45511,tapisserie lice
45504,tissage artisanal
45560,tournage bois
45518,vannerie
45521,cannage paillage
45567,verrerie art
45579,vitrail
46254,audiovisuel multimédia
46280,analyse image
46274,cinéma
46264,conception réalisation audiovisuelle
46276,film animation
46275,film documentaire
46267,postproduction
46257,effets spéciaux
46269,montage audiovisuel
46281,prise vue
46282,régie cinéma télévision
46273,scénario
46277,technique vidéo
46217,conception réalisation transmédia
46259,diaporama
46247,éclairagisme
46233,équipement audiovisuel
46212,projection audiovisuelle
46211,vente matériel audiovisuel
46244,gestion production audiovisuelle
46201,commercialisation audiovisuelle
46268,laboratoire ciné photo vidéo
46262,multimédia
46210,baladodiffusion
46207,conduite projet multimédia
46260,disque optique numérique
46202,écriture multimédia
46203,rédaction message électronique
46263,internet
46208,e-réputation
46265,internet des objets
46271,sensibilisation internet
46286,site internet
46253,accessibilité numérique
46256,site web adaptatif
46270,création site internet
46272,maquettage site internet
46250,gestion contenu site internet
46242,intégration web
46288,qualité web
46205,référencement site internet
46261,site internet pour mobile
46204,site intranet
46235,web 2.0
46206,blogue
46252,réseau social
46237,web données
46251,jeu vidéo
46266,réalité virtuelle
46278,photographie
46279,holographie
46289,photographie amateur
46283,prise vue photographie
46245,radio télévision
46284,restauration document audiovisuel
46236,son
46227,audionumérique
46225,mixage
46354,communication et information
46373,bibliothèque documentation
46382,documentation audiovisuelle et multimédia
46393,discothèque
46391,médiathèque
46392,photothèque
46345,ingénierie documentaire
46385,archivage
46396,archivage dématérialisation
46349,gestion contenu entreprise
46371,informatique documentaire
46362,marketing documentaire
46346,recherche documentaire
46342,veille
46363,réseau documentaire
46395,ludothèque
46301,communication entreprise
46340,communication événementielle
46341,communication externe
46315,communication financière
46314,lobbyisme
46312,mécénat
46310,relation presse média
46355,relations publiques
46311,communication interne
46313,journal entreprise
46319,écriture informative
46347,stratégie communication numérique
46375,communication information scientifique et technique
46309,données ouvertes
46324,édition
46308,distribution presse
46328,librairie
46302,gestion entreprise communication information
46325,journalisme
46306,journalisme audiovisuel
46323,journalisme multimédia
46326,journalisme presse écrite
46303,journalisme spécialisé
46316,journalisme données
46307,secrétariat rédaction
46304,lettre électronique
46338,muséologie
46351,qualité information
46348,recherche fondamentale
46305,sensibilisation médias
46054,industrie graphique imprimerie
46072,art graphique
46081,création graphique
46090,graphisme publicité
46003,infographie
46093,chaîne graphique
46077,finition imprimerie
46069,dorure imprimerie
46096,gaufrage imprimerie
46089,massicotage
46079,pliage imprimerie
46098,reliure brochure industrielle
46027,impression
46028,flexographie
46039,héliogravure
46042,impression numérique
46016,offset
46010,qualité impression
46029,sérigraphie
46049,pré-presse
46006,acquisition traitement image
46012,flashage ctp
46044,gestion couleur
46001,quadrichromie
46047,lecture correction
46036,maquette mise en page
46009,montage imposition
46052,PAO
46019,typographie
46085,fabrication imprimerie
46095,devis imprimerie
46084,qualité industrie graphique imprimerie
31054,informatique et systèmes d’information
31036,administration base de données
31034,administration système
31067,analyse programmation
31077,interface
31068,méthode analyse
31088,programmation
31089,programmation application mobile
31098,programmation orientée objet
31099,mapping objet-relationnel
31097,programmation structurée
31090,programmation web
31016,architecture mobile
31018,architecture orientée services
31005,architecture PC
31010,architecture web
31038,audit informatique
31012,COBIT
31091,bureautique conception
31073,compression données
31093,correspondance informatique
31023,données massives
31025,data analytics
31027,data mining
31026,data science
31035,data visualization
31029,master data management
31092,formation formateur informatique
31057,génie logiciel
31046,préparation certification ISTQB
31081,gestion parc informatique
31082,intégration informatique
31051,maintenance assistance informatique
31080,matériel informatique
31084,informatique de gestion
31014,informatique décisionnelle
31052,Data Warehouse
31058,informatique industrielle
31002,informatique verte
31085,informatisation
31096,cahier charges informatique
31094,conduite projet informatique
31024,méthode agile
31095,schéma directeur informatique
31028,intelligence artificielle
31019,système expert
31017,numérisation données
31049,qualité informatique
31047,CMMI
31048,ITIL
31006,sécurité informatique
31004,blockchain
31022,protection données
31007,signature électronique
31032,système exploitation informatique
31030,android
31041,AS/400
31031,IOS
31021,Linux
31033,Mac OS
31020,Unix
31001,Windows
31008,système information
31009,architecture système information
31011,cloud computing
31003,temps réel
31070,vente informatique
31015,virtualisation
30854,langages informatiques
30831,langage ASP.NET
30827,langage assembleur
30881,langage basic
30840,langage biztalk
30882,langage C
30808,langage C#
30809,langage C++
30801,langage CSS
30857,langage HTML
30802,langage java
30867,langage javascript
30807,langage MatLab
30810,langage Objective-C
30811,langage Perl
30805,langage PHP
30825,langage power builder
30812,langage Python
30813,langage Ruby
30896,langage Smalltalk
30887,langage SQL
30888,langage PL SQL
30814,langage Transact-SQL
30806,langage Swift
30885,langage Turbo c
30884,langage Turbo pascal
30803,langage UML
30860,langage visual basic
30815,langage Visual basic .NET
30804,langage XML
24254,télécommunication
24286,antenne
24252,réseau télécom
24270,équipement télécom
24260,installation réseau téléphonique
24237,protocole télécommunication
24231,réseau informatique
24273,architecture réseau
24284,architecture client serveur
24220,gestion réseau informatique
24232,interconnexion réseau
24211,réseau large bande
24210,réseau local
24240,RNIS
24223,technologie internet intranet
24203,technologie extranet
24280,TRANSPAC
24293,sécurité télécommunication
24276,technique télévision
24277,télédétection
24289,photo interprétation
24246,transmission
24234,câble coaxial
24216,commutation
24259,modem
24217,multiplexage
24268,transmission données informatiques
24218,transmission numérique
24209,vidéocommunication
24229,transmission fibre optique
24256,transmission radioélectrique
24267,communication radiomobile
24266,hyperfréquence
24245,liaison satellite
31654,génie industriel
31667,audit gestion industrielle
31676,bureau études
31684,CAO
31686,dessin industriel
31696,cotation fonctionnelle
31685,DAO
31695,lecture plan
31606,conduite projet industriel
31608,génie procédés
31652,gestion production
31660,approvisionnement
31641,contrôle gestion production
31663,gestion stock
31650,GPAO
31662,ordonnancement
31672,PERT
31632,productique
31601,CFAO
31620,conduite installation industrielle
31634,fabrication additive
31622,FAO
31688,juste à temps
31698,kanban
31697,MRP
31624,maintenance industrielle
31635,documentation maintenance
31625,gestion maintenance
31604,maintenance corrective
31603,maintenance préventive
31633,maintenance totale
31605,pièce rechange
31613,travaux neufs
31637,organisation travail
31629,bureau méthodes
31618,mesure temps
31664,qualité gestion industrielle
31648,transfert technologie
31754,manutention
31752,conditionnement emballage
31742,étiquetage
31740,mise en bouteille
31760,packaging
31747,engin manutention levage
31768,chariot automoteur
31726,élévateur
31715,nacelle élévatrice
31717,engin chantier
31706,chouleur chargeur
31708,grue
31709,grue auxiliaire
31759,engin traction
31769,engin ferroviaire
31738,pont élingage
31729,élingage
31728,pont roulant
31736,réparation engin manutention
31702,formation formateur manutention
31776,geste posture
31734,magasinage
31721,entreposage stockage
31711,silo
31703,stockage matière dangereuse
31743,expédition
31731,messagerie
31771,manutention matière dangereuse
31770,manutention produit chimique
31793,monitorat manutention
31784,palettisation
31795,sécurité manutention
31701,sécurité travaux en hauteur
31354,qualité industrielle
31383,analyse contraintes
31392,extensométrie
31350,contrôle destructif
31333,contrôle non destructif
31303,courant Foucault
31315,émission acoustique
31320,examen ultrason
31325,interférométrie holographique
31302,magnétoscopie
31304,radiographie industrielle
31331,ressuage
31301,test étanchéité
31310,thermographie
31374,fiabilité
31394,amdec
31361,métallographie
31360,micrographie
31371,métrologie
31380,métrologie dimensionnelle
31854,transport
31856,affrètement
31894,droit transport
31873,formation formateur transport
31895,gestion entreprise transport
31845,logistique
31836,logistique agroalimentaire
31837,logistique distribution
31834,logistique transport
31844,transitique
31861,permis bateau
31863,qualité transport
31875,sécurité transport
31814,sécurité aérienne
31867,transport aérien
31866,activité aéroportuaire
31869,fret aérien
31879,hôtesse air steward
31886,mécanicien navigant
31876,personnel au sol
31888,pilotage avion
31898,instruction pilote
31889,pilote ligne
31899,qualification vol instruments
31887,pilotage hélicoptère
31862,télé-pilotage drone
31818,transport animal vivant
31840,transport ferroviaire
31842,transport filoguidé
31850,transport fluvial
31822,transport logistique durable
31827,transport marchandise
31809,déménagement
31807,livraison
31808,transport frigorifique
31847,transport international marchandise
31859,procédure douanière
31839,transit marchandise
31828,transport matière dangereuse
31819,transport produit chimique
31872,transport maritime
31891,activité portuaire
31892,capitaine marine
31880,électricien bord
31883,mécanicien bord
31870,navigation commerce plaisance
31893,officier marine marchande
31890,opérateur radio
31833,transport routier
31832,chronotachygraphe
31812,conduite auto
31801,conduite taxi
31821,conduite véhicule transport avec chauffeur
31803,conduite voiture direction
31802,monitorat auto-école
31811,conduite moto
31816,conduite poids lourd
31804,conduite véhicule articulé
31810,conduite véhicule tout terrain
31835,europermis
31826,FIMO FCO
31813,gestion parc véhicule
31820,perfectionnement conduite
31831,conduite économique
31817,prévention sécurité routière
31805,transport en commun routier
31806,transport scolaire
31815,transport sanitaire
21054,agriculture production végétale
21059,agronomie
21001,agriculture biologique
21002,agronomie tropicale
21003,analyse terre
21005,fertilisation
21016,épandage
21004,culture irriguée
21006,protection phytosanitaire
21007,recherche agronomique
21009,semence
21062,agroressource
21084,commercialisation agricole
21083,vente produit fermier
21012,culture spécialisée
21010,culture champignon
21013,culture plante médicinale
21014,osiériculture
21056,élevage
21049,apiculture
21058,aviculture
21069,élevage palmipède gras
21015,cuniculiculture
21017,élevage animal fourrure
21078,élevage bovin
21086,élevage caprin
21088,élevage cheval
21089,maréchalerie
21099,soin cheval
21026,élevage gibier
21085,élevage laitier
21075,élevage ovin
21097,élevage porcin
21029,héliciculture
21008,insémination animale
21039,lombriculture
21019,sériciculture
21021,gestion arbre
21052,gestion exploitation agricole
21032,agroéquipement
21023,bâtiment agricole
21011,machinisme agricole
21081,droit rural
21020,gestion parcelle
21092,groupement agriculteurs
21060,installation agriculteur
21022,grande culture
21025,production fourragère
21027,horticulture
21028,culture légumière
21030,maraîchage
21031,culture serre
21033,floriculture
21034,machinisme horticole
21036,pépinière
21037,production fruit
21038,taille arbre
21018,permaculture
21040,polyculture
21024,sécurité agriculture
21041,sylviculture gestion forestière
21042,exploitation forestière
21043,bûcheronnage
21044,machinisme forestier
21045,scierie
21046,travaux paysagers
21047,arrosage
21048,jardin historique
21050,maçonnerie paysagère
21051,terrain sport engazonné
21053,viticulture
21055,machinisme viticole
21057,tonnellerie
12554,environnement aménagement
12534,aménagement territoire
12516,aménagement touristique
12512,aménagement urbain
12513,rénovation urbaine
12523,développement local
12503,aménagement équipement collectif
12514,développement rural
12504,aménagement foncier
12505,plan local urbanisme
12578,animation environnement
12589,découverte nature
12585,conseil environnement
12522,développement durable
12511,agenda 21
12524,biodiversité
12515,plan climat air énergie territorial
12518,droit environnement
12509,installation classée
12576,éco-industrie
12573,écoproduit
12556,écologie
12502,écotoxicologie
12598,environnement agriculture
12548,gaz effet serre
12545,bilan carbone
12584,génie environnement
12532,gestion ressource eau
12510,aménagement gestion rivière
12530,distribution eau potable
12520,traitement eau
12541,assainissement
12540,station épuration
12587,management environnemental
12562,pollution
12582,gestion déchet
12591,gestion déchet activité soin
12592,gestion déchet industriel
12593,gestion déchet ménager
12594,gestion déchet vert
12570,pollution atmosphérique
12521,pollution électromagnétique
12550,pollution pétrochimique
12580,pollution sol
12560,pollution sonore
12547,protection milieu naturel
12539,chasse
12549,conservation littoral
12538,parc naturel
12529,garde parc naturel
12558,protection forêt
12569,garde forestier
12526,réhabilitation écologique
21354,pêche aquaculture
21347,aquaculture
21368,conchyliculture
21387,mytiliculture
21389,ostréiculture
21317,culture algue
21329,élevage crustacé
21319,élevage crevette
21349,pisciculture
21336,gestion exploitation pêche aquaculture
21385,marais salant
21376,mareyage
21352,pêche
21340,capitaine pêche
21312,garde-pêche
21381,lieutenant pêche
21333,marin pêcheur
21320,mécanique pêche
21360,patron pêche
21383,sécurité pêche aquaculture
21325,plongée pêche aquaculture
21554,agroalimentaire
21558,aliment animaux
21532,boisson
21530,boisson non alcoolisée
21520,brasserie
21512,cidre
21501,spiritueux
21510,vinification oenologie
21511,dégustation vin
21538,boulangerie
21539,spécialisation boulangerie
21551,commercialisation agroalimentaire
21540,commercialisation vin spiritueux
21575,conditionnement agroalimentaire
21573,conservation alimentaire
21592,conserve
21580,cuisson sous vide
21591,ionisation
21593,lyophilisation
21585,salaison
21595,stérilisation pasteurisation
21594,surgélation congélation
21515,corps gras
21517,épicerie
21542,formation formateur agroalimentaire
21524,industrie laitière
21503,beurre
21504,fromage
21527,industrie sucrière
21505,ingrédient arôme alimentaire
21543,laboratoire analyse agroalimentaire
21560,analyse sensorielle agroalimentaire
21523,ovoproduit
21528,pâtisserie
21519,confiserie chocolaterie
21529,glacerie
21508,spécialisation pâtisserie
21516,produit diététique
21570,qualité sécurité agroalimentaire
21568,audit qualité sécurité agroalimentaire
21569,norme référentiel agroalimentaire
21574,plan maîtrise sanitaire
21547,bonnes pratiques hygiène agroalimentaire
21546,méthode haccp
21581,traçabilité agroalimentaire
21572,réglementation hygiène agroalimentaire
21576,traiteur
21549,transformation céréale
21567,transformation produit mer
21577,viande
21598,abattage
21599,boucherie
21589,charcuterie
21597,triperie
21578,volaillerie
21579,foie gras
21854,cuir peau
21867,chaussure
21869,cordonnerie botterie
21889,cordonnerie réparation
21879,injection chaussure
21859,podo-orthèse
21801,stylisme modélisme chaussure
21871,cuir ameublement
21828,cuir synthétique
21821,entretien matériel cuir
21815,finition cuir peau
21817,fourrure
21888,ganterie cuir
21882,maroquinerie
21860,qualité cuir peau
21884,sellerie
21893,sellerie bourrellerie
21895,sellerie garnissage
21838,stylisme modélisme cuir
21842,tannerie mégisserie
21850,teinture peau
21831,triage peau
21823,technique confection cuir
21803,collage cuir
21812,coupe cuir
21802,impression cuir
21814,montage cuir
21804,piquage cuir
21886,vêtement cuir
21754,habillement
21752,accessoire mode
21762,commercialisation habillement
21742,confection
21730,coupe confection
21711,encadrement atelier confection
21701,monitorat confection
21712,finition confection
21733,matériel confection
21723,machine à coudre
21713,guide machine à coudre
21710,montage piquage confection
21740,repassage confection
21757,couture
21759,couture flou
21779,couture tailleur
21766,essayage retouche
21775,stylisme habillement
21796,collection vêtement
21794,costume spectacle
21798,dessin mode
21788,mannequin
21783,modélisme habillement
21771,coupe patronnage gradation
21780,patronnage gradation informatisé
21792,moulage toile
21781,prototype habillement
21736,vêtement
21749,chemiserie
21708,vêtement enfant
21728,vêtement féminin
21719,lingerie corseterie
21739,vêtement masculin
21707,vêtement protection
22854,matériau produit chimique
22881,bois
22890,traitement bois
22821,céramique industrielle
22830,céramique frittée
22892,fibre optique
22833,matériau adaptatif
22871,matériau composite
22852,matériau construction
22861,béton
22860,béton armé
22810,brique
22850,chaux
22851,ciment
22803,écomatériau
22801,granulat
22842,pierre naturelle
22811,tuile
22834,matériau métallique
22823,alliage
22812,acier
22802,superalliage
22825,métal
22806,aluminium
22816,fer
22805,métal précieux
22841,matériau réfractaire
22846,matériau supraconducteur
22808,nanomatériau
22884,papier carton
22867,produit chimique
22839,caoutchouc
22849,colle adhésif
22879,colorant
22885,cosmétique
22895,parfum
22898,encre
22899,engrais chimique
22889,goudron
22897,lubrifiant
22828,matière plastique
22818,plastique renforcé
22819,polymère
22827,peinture
22869,solvant
22896,tensioactif
22859,vernis
22856,qualité matériau produit chimique
22865,sécurité matériau produit chimique
22866,vente matériau produit chimique
22820,verre
21654,textile
21627,création textile
21625,ennoblissement textile
21617,apprêt textile
21605,blanchiment textile
21607,impression textile
21606,teinture textile
21674,étoffe
21680,broderie mécanique
21692,dentellerie mécanique
21698,étoffe maille
21670,guipure
21695,non tissé
21693,passementerie
21694,tapis
21696,tissu
21691,tulle
21667,fibre textile
21669,fibre chimique
21678,fibre naturelle
21651,filature
21650,machine filature
21634,machine textile
21622,maille bonneterie
21613,colletage
21603,raccoutrage
21611,tricotage
21601,métier à tricoter
21638,qualité textile
21629,contrôle textile
21676,textile usage technique
21697,bâche
21662,corderie
21631,tissage industriel
21620,métier à tisser
23054,travail matériau
23083,chaudronnerie
23086,chaudronnerie aéronautique
23082,chaudronnerie inox
23094,tôlerie
23093,traçage chaudronnerie
23084,tuyauterie
23048,formage
23059,emboutissage
23058,étirage
23049,forgeage
23070,laminage
23029,pliage
23039,repoussage
23080,tréfilage
23062,métallurgie
23090,fonderie
23081,moulage métal
23060,métallurgie poudres
23071,sidérurgie
23091,aciérie
23074,traitement thermique
23035,montage assemblage
23028,brasage
23023,collage
23002,stratification
23026,soudage
23014,soudage arc
23004,soudage électrode enrobée
23016,soudage MIG MAG
23017,soudage par résistance
23013,soudage plasma
23025,soudage sous flux électroconducteur
23015,soudage TIG
23008,soudage autre procédé
23005,soudage faisceau électrons
23009,soudage laser
23006,soudage oxyacétylénique
23037,soudobrasage
23021,plasturgie
23092,chaudronnerie plastique
23012,collage matière plastique
23031,décoration plastique
23011,extrusion
23010,moulage plastique
23001,thermoformage
23007,soudage matière plastique
23064,qualité travail matériau
23044,sécurité travail matériau
23042,traitement surface
23040,anodisation
23052,décapage
23051,émaillage
23053,peinture industrielle
23003,protection cathodique
23030,traitement thermochimique
23076,usinage
23097,affûtage
23096,ajustage
23095,alésage
23078,découpage
23079,coupage laser
23069,coupage plasma
23075,électroérosion
23067,fraisage
23085,perçage
23098,rectification usinage
23088,tournage
23089,décolletage
23099,filetage mécanique
22354,bâtiment gros oeuvre
22312,charpente
22313,charpente bois
22314,charpente métallique
22374,construction
22395,construction béton
22396,construction bois
22387,construction métallique
22398,dessin construction métallique
22397,construction mixte
22392,construction terre
22329,démolition
22348,fondation construction
22334,maçonnerie
22331,briquetage
22304,cloisonnement
22311,coffrage
22301,enduit maçonnerie
22306,escalier maçonnerie
22320,ferraillage
22305,jointoiement
22335,maçonnerie bâti ancien
22315,maçonnerie joint mince
22303,maçonnerie pierre
22361,plancher
22371,préfabrication
22357,restauration réhabilitation
22378,réhabilitation bâtiment
22359,restauration monument
22369,restauration patrimoine rural
22379,restauration patrimoine urbain
22307,sol dallage industriel
22339,soutènement
22454,bâtiment second oeuvre
22493,ascenseur
22411,enveloppe bâtiment
22437,couverture
22429,couverture ardoise
22448,couverture tuile
22439,zinguerie
22490,façade
22418,bardage
22409,panneau façade
22420,isolation bâtiment
22421,étanchéité
22422,isolation thermique phonique
22424,isolation phonique
22425,isolation thermique
22434,vitrerie miroiterie
22494,escalier mécanique
22498,huisserie
22499,immotique
22486,maintenance bâtiment
22435,menuiserie
22415,dessin traçage menuiserie
22404,menuiserie agencement
22408,cuisine salle de bains
22416,menuiserie bois
22406,escalier bois
22405,parquet
22417,menuiserie plastique
22478,métallerie serrurerie
22477,menuiserie métallique
22467,escalier métallique
22468,menuiserie aluminium
22485,rénovation bâtiment
22442,revêtement sol mur
22481,béton ciré
22440,carrelage mosaïque
22450,faux plafond
22472,peinture bâtiment
22480,peinture intérieure
22412,plâtrerie
22403,plaque plâtre
22401,staff
22402,stuc
22430,pose moquette
22460,pose papier peint
22423,pose sol plastique
22410,pose tissu mural
22441,signalétique enseigne
22254,BTP conception organisation
22214,aménagement handicapé
22223,architecture
22212,architecture bioclimatique
22274,chantier BTP
22294,conduite chantier BTP
22293,conduite travaux BTP
22286,matériel chantier
22297,échafaudage
22283,préparation chantier BTP
22273,réception travaux
22257,commercialisation BTP
22252,dessin BTP
22217,droit BTP
22250,écoconstruction
22202,haute qualité environnementale
22211,performance énergétique bâtiment
22215,audit énergétique bâtiment
22213,contrat performance énergétique
22209,label performance énergétique bâtiment
22210,réglementation thermique bâtiment
22216,thermographie infiltrométrie bâtiment
22248,gestion entreprise BTP
22270,implantation traçage
22241,lecture plan BTP
22279,maîtrise oeuvre
22269,maîtrise ouvrage
22259,marché travaux
22232,métré BTP
22230,métré spécialisé
22237,qualité BTP
22225,résistance ouvrage
22206,pathologie construction
22295,sécurité BTP
22275,coordination SPS
22201,risque sanitaire bâtiment
22265,risque amiante
22203,risque légionellose
22276,risque plomb
22204,risque radon
22278,terminologie BTP
22054,travaux publics
22097,explosif
22024,génie civil
22026,barrage
22005,ouvrage béton
22016,pont
22095,mécanique sol
22028,réhabilitation travaux publics
22002,terrassement
22042,tranchée
22050,travaux aéroportuaires
22013,travaux ferroviaires
22067,travaux immergés
22069,canalisation sous-marine
22078,plateforme marine
22048,travaux portuaires
22022,travaux routiers
22010,aménagement route
22001,chaussée
22076,travaux souterrains
22087,forage
22062,VRD
22070,canalisation réseau extérieur
22093,lecture plan VRD
22082,pavage pose bordure
24454,automatisme informatique industrielle
24422,automate programmable
24472,automatisation
24447,automatisme hydraulique
24457,automatisme pneumatique
24427,commande processus
24439,réseau local industriel
24429,supervision
24461,grafcet
24470,gemma
24485,logique câblée
24487,logique programmée
24431,maintenance système automatisé
24420,maintenance distributeur automatique
24491,programmation informatique industrielle
24424,mécatronique
24425,MOCN
24413,centre usinage
24404,commande numérique fraisage
24406,commande numérique tournage
24407,programmation MOCN
24451,robotique
24489,système asservi
24478,régulation
24469,capteur
24354,électronique
24335,circuit électronique
24331,circuit imprimé
24336,composant électronique
24328,composant actif
24338,composant passif
24327,nanoélectronique
24329,semiconducteur
24319,tube électronique
24323,conception circuit électronique
24326,microélectronique
24306,circuit hybride
24317,circuit intégré
24307,microcontrôleur
24308,microprocesseur
24332,schéma électronique
24322,montage câblage électronique
24391,électronique analogique
24346,électronique embarquée
24392,électronique numérique
24387,électronique puissance
24398,variation vitesse électronique
24374,maintenance audiovisuelle
24340,maintenance électronique
24396,matériel électronique sécurité
24351,mesure électronique
24314,optoélectronique
24360,qualité électronique
24386,radar
24356,traitement signal
24348,traitement parole
24358,visionique
24369,lecture optique
23654,mécanique construction réparation
23641,armement
23613,construction aéronautique
23624,construction aérospatiale
23646,construction automobile
23657,aménagement véhicule automobile
23637,mécanique automobile
23617,carrosserie
23607,peinture carrosserie
23658,climatisation véhicule
23649,contrôle technique automobile
23606,électricité automobile
23605,électronique automobile
23629,freinage
23609,hydraulique automobile
23608,pneu
23615,réparation véhicule industriel
23619,suspension
23622,construction maintenance navale
23601,charpente marine
23602,entretien marine plaisance
23610,mécanique navale
23630,voilerie
23651,construction maintenance véhicule propre
23662,construction mécanique
23661,mécanique précision
23660,armurerie
23670,horlogerie
23650,optique instrumentale
23681,outillage
23690,coutellerie taillanderie
23680,modelage mécanique
23673,ressort
23652,transmission mécanique
23692,dessin construction mécanique
23684,entretien mécanique
23694,lubrification
23635,mécanique cycle motocycle
23675,mécanique sportive
23677,moteur
23679,allumage carburation
23697,injection moteur
23698,moteur diesel
23689,moteur essence
23696,pompe
23663,qualité mécanique construction réparation
23642,sécurité mécanique construction réparation
32154,encadrement management
32130,animation motivation équipe
32139,management situationnel
32150,coaching entreprise
32135,conduite projet
32107,cahier charges fonctionnel
32136,conduite projet international
32102,conduite réunion
32131,culture entreprise
32140,délégation
32120,encadrement interculturel
32103,gestion équipe à distance
32110,management opérationnel
32142,management participatif
32145,management transversal
32654,gestion financière comptabilité
32626,analyse financière
32618,évaluation financière entreprise
32605,ratio financier
32607,tableau financement
32663,comptabilité
32682,comptabilité analytique
32680,calcul rentabilité
32692,coût
32691,prix revient
32646,comptabilité étrangère
32667,comptabilité générale
32669,bilan comptable
32679,compte résultat
32689,inventaire
32697,plan comptable
32696,provision comptable
32688,traitement paie
32684,expertise comptable
32695,audit comptabilité
32694,révision comptable
32673,gestion par activités
32608,norme comptable
32632,consolidation comptable
32652,contrôle gestion
32650,gestion budgétaire
32623,financement entreprise
32603,investissement
32611,trésorerie
32601,trésorerie internationale
32602,gestion risque financier
32054,gestion organisations
32098,audit entreprise
32014,conseil administration
32043,conseil entreprise
32068,coordination travail
32047,création entreprise
32095,direction par objectifs
32024,gestion centre profit
32037,gestion communication crise
32097,gestion entreprise artisanale
32096,gestion entreprise culturelle
32006,gestion entreprise internationale
32079,gestion performance
32094,gestion PME PMI
32074,gestion prévisionnelle
32012,gestion processus
32062,recherche développement
32070,innovation entreprise
32008,responsabilité sociétale entreprise
32004,services généraux
32072,sous-traitance
32025,stratégie entreprise
32091,benchmarking
32015,conduite changement
32016,conduite changement technologique
32023,prise décision
32005,stratégie internationale
32089,tableau bord
31454,gestion qualité
31470,analyse valeur
31475,animation qualité
31456,assurance qualité
31468,manuel qualité
31459,audit qualité
31448,certification labellisation qualité
31436,contrôle qualité
31438,autocontrôle
31427,contrôle statistique
31408,méthode Taguchi
31429,spc
31482,formation formateur qualité
31449,norme qualité
31437,outil qualité
31418,qualité administrative
31407,qualité hygiène sécurité environnement
31486,qualité totale
31478,groupe progrès
31428,Hoshin
31458,kaizen
31469,5S
31467,smed
31439,six sigma
33054,ressources humaines
33052,administration personnel
33071,contrat travail
33043,élection dans entreprise
33030,licenciement
33040,plan social
33060,recrutement
33010,graphologie
33031,système rémunération
33086,aménagement temps travail
33097,réduction temps travail
33096,télétravail
33035,audit ressources humaines
33001,conduite entretien
33083,conduite entretien évaluation
33002,conduite entretien professionnel
33003,conduite entretien recrutement
33092,évaluation personnel
33082,360°
33012,expatriation impatriation
33074,gestion connaissances
33091,gestion prévisionnelle emplois compétences
33072,intégration salarié
33020,médiation entreprise
33024,protection sociale
33047,relations sociales
33049,conflit social
33039,négociation sociale
33028,représentation personnel
33029,comité social économique
33019,représentation syndicale
33004,retraite
33036,stratégie sociale entreprise
33016,tableau bord social
33006,bilan social
33070,travail temporaire
35054,secrétariat assistanat
35052,accueil
35050,entretien téléphonique
35082,standard
35093,correspondance professionnelle
35041,écriture abrégée
35084,qualité secrétariat
35035,secrétariat assistanat spécialisé
35005,secrétariat assistanat architecture
35009,secrétariat assistanat BTP
35028,secrétariat assistanat commercial
35029,correspondance commerciale
35019,secrétariat assistanat commerce international
35017,secrétariat assistanat import export
35013,secrétariat assistanat communication
35049,secrétariat assistanat comptabilité
35047,secrétariat assistanat direction
35004,secrétariat assistanat formation
35007,secrétariat assistanat gestion PME PMI
35011,secrétariat assistanat immobilier
35008,secrétariat assistanat ingénieur
35006,secrétariat assistanat juridique
35023,secrétariat assistanat marketing
35015,secrétariat assistanat médicosocial
35018,secrétariat assistanat multilingue
35002,secrétariat assistanat projet
35014,secrétariat assistanat ressources humaines
35032,sténodactylographie
35012,dactylographie
35003,audiotypie
35021,sténographie
35010,sténographie étrangère
35030,sténotypie
35071,technique administrative
35091,classement
35056,télésecrétariat
41054,banque assurance
41079,actuariat
41036,assurance
41028,assurance dommages
41045,assurance automobile
41058,assurance biens particulier
41064,assurance collectivité locale
41006,assurance construction
41019,assurance incendie
41066,assurance transport
41016,réassurance
41049,assurance entreprise
41068,assurance personnes
41008,assurance accident
41069,assurance vie
41035,assurance responsabilité civile
41039,droit assurance
41015,inspection assurance
41037,vente assurance
41062,banque
41091,droit réglementation bancaire
41070,gestion exploitation banque
41023,marché financier
41096,back office
41011,bourse initiation
41012,épargne entreprise
41009,épargne salariale
41095,front office
41007,gestion actifs
41003,gestion portefeuille
41002,produit financier
41010,titrisation
41040,marketing bancaire
41090,clientèle collectivité territoriale
41092,clientèle entreprise
41083,clientèle particulier
41031,monétique
41080,relation banque
41050,sécurité bancaire
41075,service bancaire
41084,crédit bancaire
41094,crédit immobilier
41014,gestion patrimoine
41097,opération bancaire étranger
41087,opération sur fonds propres
41020,formation formateur banque assurance
41077,gestion risque banque assurance
34554,commerce
34573,action commerciale
34584,animation vente
34561,force vente
34590,ingénieur affaires
34581,technico-commercial
34580,visiteur médical
34560,VRP
34582,négociation commerciale
34592,entretien vente
34572,négociation grand compte
34593,prospection vente
34574,formation formateur commercial
34566,vente distribution
34589,caisse
34575,commerce gros
34569,démarque inconnue
34529,emballage commercial
34519,étalage
34539,franchisage
34588,gestion point vente
34559,gestion rayon
34587,grande distribution
34549,libre-service
34597,marchandisage
34598,marchandisage en ligne
34507,vente à distance
34520,vente par correspondance
34530,vente par internet
34501,vente par téléphone
34568,vente additionnelle
34502,vente spécialisée
34517,vente automobile
34536,vente équipement maison
34525,vente produit alimentaire
34504,vente fruit légume
34505,vente produit carné
34516,vente produit laitier
34506,vente produit mer
34513,vente vin spiritueux
34533,vente produit biologique
34534,vente produit horticole
34503,fleuriste
34254,commerce international
34236,financement international
34218,crédit export
34216,paiement international
34205,crédit documentaire
34225,risque change
34240,implantation étranger
34260,marketing international
34285,import export
34256,exportation
34239,assurance export
34258,TACE
34273,importation
34292,achat international
34287,logistique internationale
34271,négociation internationale
34232,réglementation commerce international
34211,incoterm
34054,gestion commerciale achats
34024,achat
34025,achat responsable
34003,centrale achat
34022,gestion fournisseur
34016,marketing achat
34002,négociation achat
34005,qualité achat
34056,administration ventes
34078,facturation
34088,gestion risque client
34038,prix vente
34018,devis
34058,relance impayé
34076,gestion relation client
34052,marketing
34093,marketing digital
34053,marketing opérationnel
34060,étude marché
34040,étude produit
34030,chef produit
34072,marketing direct
34092,publipostage
34031,marketing mix
34071,marketing sectoriel
34091,marketing industriel
34057,marketing stratégique
34059,gestion marque
34073,marketing éthique
34074,publicité
34037,satisfaction client
34026,développement sens commercial
34027,service après-vente
34085,stratégie commerciale
42154,immobilier
42184,agence immobilière
42158,commercialisation immobilière
42159,valorisation immobilière
42101,diagnostic immobilier
42103,diagnostic amiante
42108,diagnostic installation intérieure électrique
42106,diagnostic installation intérieure gaz
42105,diagnostic performance énergétique
42102,diagnostic plomb
42109,diagnostic prêt taux zéro
42110,diagnostic technique loi SRU
42104,état parasitaire
42107,état risque naturel technologique
42116,mesurage locaux
42137,expertise immobilière
42178,financement immobilier
42133,gestion immobilière
42151,copropriété
42121,gestion locative
42171,logement social
42186,promotion immobilière
42054,services commerces proximité
42097,blanchisserie
42007,bureau tabac
42077,casino
42074,discothèque club
42069,employé collectivité
42032,esthétique soin corporel
42034,art corporel
42050,coiffure
42060,assistance coiffure
42061,spécialisation coiffure
42001,drainage lymphatique
42052,maquillage
42062,maquillage spectacle
42020,massage esthétique
42040,parfumerie
42030,soin ongle
42087,lingerie
42093,nettoyage locaux
42086,bionettoyage
42083,entretien sol
42084,entretien vitre
42091,gestion entreprise nettoyage
42006,nettoyage urbain
42008,organisation événement
42009,organisation mariage
42056,service à la personne
42081,accompagnement mobilité
42078,assistance administrative domicile
42080,assistance informatique domicile
42082,gestion structure service à la personne
42076,petit bricolage jardinage
42079,service maison
42075,surveillance habitation
42057,service funéraire
42059,thanatopraxie
42027,service location
42024,soin animalier
42025,animal compagnie
42002,élevage éducation canin félin
42005,maître-chien
42021,animal sauvage
42022,médecine vétérinaire
42003,toilettage
42004,vente en animalerie
42095,teinturerie pressing
42096,entretien cuir peau
44054,action sociale
44052,adolescence
44026,aide famille
44006,aide relation parent-enfant
44028,auxiliaire vie sociale
44007,conseil familial conjugal
44008,intervention sociale familiale
44004,aide médico-psychologique
44022,aide médico-sociale
44012,addiction
44010,harcèlement
44011,maltraitance
44021,relation aide
44020,écoute sociale
44067,animation socioculturelle
44089,animation personne âgée
44079,animation personne handicapée
44057,atelier éducatif
44069,éducation populaire
44058,vie associative
44047,direction établissement médico-social
44039,établissement hébergement personnes âgées
44049,gestion crèche
44038,projet établissement médicosocial
44037,direction établissement socioculturel
44061,éducation surveillée
44042,enfance
44032,aide sociale enfance
44031,atelier conte
44041,petite enfance
44030,assistance maternelle
44050,éducateur jeune enfant
44096,maîtresse maison
44086,marketing secteur social
44035,médiation socioculturelle
44077,migrant
44024,personne handicapée
44009,placement familial
44002,préparation concours social
44074,prévention éducation santé
44003,qualité secteur social
44005,surveillance nuit
44072,travail social
44090,analyse pratique sociale
44083,assistant service social
44094,conseiller travail
44084,économie sociale familiale
44095,économie familiale rurale
44097,précarité énergétique
44092,éducateur spécialisé
44071,formation formateur travail social
44013,prévention exclusion
44091,prévention sociale
44080,protection majeur
44056,travail social en réseau
43054,médecine
43021,chirurgie
43030,microchirurgie
43010,neurochirurgie
43020,traumatologie
43009,épidémiologie
43042,médecine générale
43019,médecine sportive
43029,médecine thermale
43008,médecine travail
43026,pharmacie
43006,préparation pharmacie
43001,recherche médicale
43064,spécialité médicale
43058,allergologie
43094,anesthésie réanimation
43041,angiologie
43039,cancérologie
43085,cardiologie
43089,dermatologie
43090,endocrinologie
43097,gastro-entérologie
43059,gériatrie
43083,gynécologie obstétrique
43092,sage-femme
43099,hématologie
43093,hépatologie
43061,imagerie médicale
43091,médecine exotique
43014,médecine nucléaire
43057,neurologie
43070,nutrition
43051,odontologie
43050,chirurgie dentaire
43071,ophtalmologie
43080,ORL
43007,audiophonologie
43069,pédiatrie
43012,phlébologie
43096,pneumologie
43048,psychiatrie
43095,rhumatologie
43079,sexologie
43040,stomatologie
43088,toxicologie
43098,urologie
43023,traitement douleur
43046,urgence médicale
42854,prévention sécurité
42863,audit sécurité
42891,équipement sécurité
42870,évacuation site
42856,formation formateur sécurité
42815,gestion risque entreprise
42882,criminalité économique financière
42881,risque criminel entreprise
42884,risque industriel
42883,risque naturel
42839,gestion situation difficile
42866,santé sécurité travail
42887,condition travail
42889,environnement physique travail
42898,ergonomie
42879,hygiène travail
42817,réglementation santé sécurité travail
42875,risque professionnel
42819,accident travail maladie professionnelle
42816,document unique
42894,équipement protection individuelle
42876,risque psychosocial
42869,discrimination gestion diversité
42873,harcèlement travail
42895,sécurité machine
42829,sauvetage secourisme travail
42896,sécurité intervention extérieure
42818,système management santé sécurité travail
42802,sécurité défense
42872,sécurité incendie
42811,SSIAP
42848,sécurité jouet jeu
42803,sécurité publique
42809,douane
42814,gendarmerie
42837,police
42826,sécurité civile
42804,déminage
42880,pompier
42808,secourisme routier
42805,sécurité secourisme aquatique
42806,sécurité secourisme montagne
42807,service pénitentiaire
42822,surveillance protection gardiennage
42838,détective
42812,protection rapprochée
42810,surveillance gardiennage locaux
42850,surveillance sécurité ERP
42820,surveillance sécurité magasin
42841,surveillance sécurité IGH
42821,surveillance grands événements
42801,télésurveillance
42813,transport fonds
43454,santé
43476,analyse médicale
43485,assistance dentaire
43440,diététique
43415,droit médical
43424,droit malade
43435,encadrement santé
43434,hôpital
43421,accueil hôpital
43426,gestion hospitalière
43423,bloc opératoire
43407,gestion financière hôpital
43417,gestion technique hôpital
43419,logistique hospitalière
43410,projet établissement hospitalier
43427,travail nuit hôpital
43411,hôpital jour
43406,hospitalisation à domicile
43403,hygiène hospitalière
43422,stérilisation médicale
43402,manutention malade
43413,brancardier
43414,relation soin
43404,soin palliatif
43412,soin malade
43401,dossier soin
43408,stomathérapie
43479,maintenance biomédicale
43420,gaz usage médical
43497,manipulation électroradiologique
43486,optique lunetterie
43460,orthopédie
43437,personnel paramédical
43429,agent service hospitalier
43436,aide-soignant
43448,infirmier
43458,encadrement infirmier
43457,infirmier anesthésie réanimation
43449,infirmier bloc opératoire
43456,infirmier puériculture
43409,préparation concours paramédical
43439,puériculture
43441,auxiliaire puériculture
43418,thalasso-thermalisme
43493,podologie pédicurie
43484,prothèse
43495,audioprothèse
43494,prothèse dentaire
43432,qualité santé
43472,rééducation
43491,ergothérapie
43490,kinésithérapie
43480,orthophonie
43405,orthoptie
43470,psychomotricité
43446,trouble cognitif
43431,santé mentale
43416,santé milieu pénitentiaire
43425,thérapie alternative
43428,acupuncture
43430,chiropractie
43433,homéopathie
43445,massage bien-être
43442,naturothérapie
43438,phytothérapie
43443,ostéopathie
43444,sophrologie
43469,transfusion sanguine
15454,activité physique et sportive
15459,activité physique et sportive adaptée
15466,activité physique pour tous
15402,planche roulettes
15435,arbitrage
15489,athlétisme
15422,char voile
15462,cyclisme
15436,éducation sportive
15458,gestion carrière sportif
15457,gestion sport
15487,gymnastique
15452,gymnastique douce
15498,musculation
15499,haltérophilie
15494,hockey
15448,installation sportive
15417,piscine
15447,matériel sport
15401,patinage roulettes
15469,randonnée
15477,remise en forme
15473,spéléologie
15442,sport aérien
15423,aérostat
15420,parachutisme
15440,ULM
15421,vol libre
15430,vol voile
15437,sport balle
15419,basket-ball
15426,football
15414,football américain
15439,golf
15416,handball
15429,rugby
15406,volley-ball
15456,sport boules
15424,sport combat
15404,aikido
15413,boxe
15425,escrime
15405,judo
15415,karaté
15403,lutte
15479,sport équestre
15474,sport glace neige
15484,patinage glace
15411,ski
15497,sport mécanique
15412,sport montagne
15410,alpinisme
15400,escalade
15472,sport nautique
15492,aviron
15483,canoë-kayak
15475,glisse nautique
15470,planche voile
15460,ski nautique
15491,natation
15480,plongée subaquatique
15493,voile
15418,sport raquette
15438,badminton
15409,squash
15407,tennis
15408,tennis table
15495,tir arc
15455,tir sportif
15450,yoga
42754,hôtellerie restauration
42723,bar
42752,cuisine
42708,cuisine collectivité
42760,gastronomie
42782,gestion cuisine
42780,entretien cuisine
42791,néocuisine
42742,spécialisation cuisine
42710,cuisine dessert
42773,cuisine diététique
42712,cuisine poisson
42730,cuisine régionale
42701,cuisine sauce
42720,cuisine spécialité étrangère
42740,cuisine viande
42745,décoration hôtel restaurant
42719,économat
42785,formation formateur hôtellerie restauration
42766,gestion hôtel restaurant bar
42729,gestion restauration collective
42776,hôtellerie
42786,service étage
42797,gouvernante hôtel
42778,service hall
42788,service réception
42793,hygiène sécurité hôtel restaurant
42702,majordome hôtel
42756,qualité hôtellerie restauration
42746,restauration
42749,buffet
42716,café brasserie
42759,écailler
42727,gestion menu
42757,service salle
42769,maître d'hôtel
42739,sommellerie
42725,restauration rapide
42705,crêperie
42704,pizzeria
42654,tourisme
42686,accueil tourisme
42677,agence voyages
42623,animation tourisme
42603,conducteur tourisme
42611,guide accompagnateur
42668,commercialisation produit touristique
42679,billetterie
42648,conception produit touristique
42638,développement touristique
42627,gestion entreprise touristique
42619,camping caravaning
42608,parc loisirs
42695,information tourisme
42659,marketing touristique
42661,yield management
42625,tourisme affaires
42651,tourisme culturel
42602,guide-conférencier
42691,tourisme équestre
42694,tourisme fluvial
42692,tourisme montagne
42681,tourisme pêche
42693,tourisme rural
42696,oenotourisme
42641,tourisme social
42632,tourisme sportif
42671,tourisme thermal
24054,électricité
24052,électromécanique
24061,machine électrique
24070,moteur électrique
24081,transformateur
24021,électroménager
24072,électrotechnique mise à niveau
24066,installation électrique
24086,distribution électricité
24095,basse tension
24097,haute tension
24096,moyenne tension
24089,éclairage public
24099,électricité équipement industriel
24069,maintenance installation électrique
24079,onduleur
24057,perturbation électrique
24067,réseau électrique intelligent
24047,sécurité électrique
24049,habilitation électrique
24039,norme électrique
24024,mesure électrique
24016,montage câblage électrique
24027,schéma électrique
24154,énergie
24141,cogénération
24158,énergie électrique
24134,énergie nucléaire
24103,combustible nucléaire
24114,retraitement combustible irradié
24132,prévention sécurité nucléaire
24130,habilitation nucléaire
24121,radioprotection
24101,radioprotection milieu médical
24112,radioactivité
24102,mesure radioactivité
24147,énergie renouvelable
24129,biomasse
24125,agrocarburant
24128,biogaz
24126,bois énergie
24136,énergie éolienne
24127,énergie géothermique
24139,énergie hydraulique
24118,énergie solaire
24146,énergie solaire photovoltaïque
24148,énergie solaire thermique
24142,pompe chaleur
24162,gestion énergie
24111,audit énergétique
24170,conseil énergie
24167,hydrocarbure
24179,charbon
24189,gaz
24176,pétrole
24197,carburant aéronautique
24174,fuel domestique
24195,fuel lourd
24196,gazole
22654,génie climatique
22633,appareil pression
22635,climatisation
22657,fumisterie
22642,génie thermique
22671,chauffage
22672,chauffage bois
22692,chauffage électrique
22693,chauffage fuel
22650,chauffage gaz
22680,chauffage urbain
22630,chaufferie chaudière
22610,traitement eau chaudière
22663,sécurité thermique
22622,thermique industrielle
22612,four industriel
22624,installation frigorifique
22603,fluide frigorigène
22604,froid commercial
22605,froid industriel
22694,installation gaz
22685,installation thermique sanitaire
22677,plomberie
22679,canalisation
22689,chauffe eau
22697,installation sanitaire
22699,robinetterie
22636,régulation génie climatique
22607,régulation climatisation
22606,régulation thermique
22601,salle blanche
50001,Certifications/diplômes/titres niveau 1
50199,Autres certifications de niveau 1
50187,Autres diplômes d'État de niveau 1
50165,Autres titres inscrits sur demande au RNCP niveau 1
50145,Brevets d'État d'éducateur sportif troisième degré
50163,Certification de spécialisation
50183,Diplôme d'université niveau 1
50148,Diplômes d'école de commerce bac+5
50170,Diplômes d'ingénieur
50150,Diplômes de médecine et de pharmacie
50114,Diplômes de recherche et technologie
50142,Diplômes nationaux supérieurs d'expression plastique
50140,Diplômes supérieurs des arts appliqués
50185,Doctorat
50171,Ingénieurs diplômés par l'État
50139,Mastères en sciences
50105,Mastères spécialisés
50132,Masters
50002,Certifications/diplômes/titres niveau 2
50299,Autres certifications de niveau 2
50287,Autres diplômes d'État de niveau 2
50265,Autres titres inscrits sur demande au RNCP niveau 2
50281,Certificats de compétence
50283,Diplôme d'université niveau 2
50248,Diplômes d'école de commerce bac+4
50249,"Diplômes d'État supérieur de la jeunesse, de l'éducation populaire et du sport"
50241,Diplômes nationaux d'arts
50242,Diplômes nationaux supérieurs d'arts plastiques
50205,licences
50229,Licences institut universitaire professionnalisé (IUP)
50250,Licences professionnelles
50261,Titres professionnels niveau 2
50003,Certifications/diplômes/titres niveau 3
50399,Autres certifications de niveau 3
50387,Autres diplômes d'État de niveau 3
50365,Autres titres inscrits sur demande au RNCP niveau 3
50320,Brevets de technicien supérieur
50323,Brevets de technicien supérieur agricole
50341,Certificats d'études d'arts plastiques
50363,Certificats de spécialisation agricole niveau 3
50381,Certificats professionnels
50383,Diplôme d'université niveau 3
50349,"Diplômes d'État de la jeunesse, de l'éducation populaire et du sport"
50355,Diplômes d'études universitaires scientifiques et techniques
50322,Diplômes de technicien supérieur
50321,Diplômes des métiers d'art
50350,Diplômes universitaires de technologie
50361,Titres professionnels niveau 3
50331,Un des meilleurs ouvriers de France
50004,Certifications/diplômes/titres niveau 4
50499,Autres certifications de niveau 4
50487,Autres diplômes d'État de niveau 4
50465,Autres titres inscrits sur demande au RNCP niveau 4
50471,Baccalauréats binationaux
50470,Baccalauréats généraux
50400,Baccalauréats professionnels
50403,Baccalauréats professionnels agricoles
50430,Baccalauréats technologiques
50446,Brevet professionnel de la jeunesse de l'éducation populaire et du sport
50420,Brevets de technicien
50401,Brevets des métiers d'art
50453,Brevets professionnels (Agriculture)
50450,Brevets professionnels (Éducation nationale)
50463,Certificats de spécialisation niveau 4
50488,Diplômes d'accès aux études universitaires
50422,Diplômes de technicien
50437,Mentions complémentaires de niveau 4
50461,Titres professionnels niveau 4
50005,Certifications/diplômes/titres niveau 5
50599,Autres certifications de niveau 5
50587,Autres diplômes d'État de niveau 5
50565,Autres titres inscrits sur demande au RNCP niveau 5
50545,Brevets d'aptitude professionnelle d'assistant animateur technicien
50510,Brevets d'études professionnelles
50513,Brevets d'études professionnelles agricoles
50562,Brevets de compagnon professionnel
50500,Certificats d'aptitude professionnelle
50533,Certificats d'aptitude professionnelle agricole
50563,Certificats de spécialisation niveau 5
50550,Certificats techniques des métiers
50537,Mentions complémentaires niveau 5
50561,Titres professionnels niveau 5
50009,Certifications/diplômes/titres niveau 9
50999,Autres certifications sans niveau spécifique
50979,Socle de connaissances et de compétences professionnelles (CléA)
50971,Domaine 1 CléA
50972,Domaine 2 CléA
50973,Domaine 3 CléA
50974,Domaine 4 CléA
50975,Domaine 5 CléA
50976,Domaine 6 CléA
50977,Domaine 7 CléA
50978,Évaluation finale Socle de connaissances et de compétences professionnelles (CléA)
50970,Évaluation initiale Socle de connaissances et de compétences professionnelles (CléA)
50980,socle de connaissances et de compétences professionnelles numériques (cléa numérique)
50981,domaine 1 cléa numérique
50982,domaine 2 cléa numérique
50983,domaine 3 cléa numérique
50984,domaine 4 cléa numérique
50985,évaluation socle de connaissances et de compétences professionnelles numériques (cléa numérique)
50966,Certificats de qualification professionnelle sans niveau spécifique
50933,diplôme d'université
63054,Afrique
63501,Afrique australe
63502,Afrique du Sud
63503,Angola
63504,Botswana
63506,Lesotho
63507,Malawi
63508,Mozambique
63509,Namibie
63510,Swaziland
63511,Zambie
63512,Zimbabwe
63201,Afrique centrale
63211,Burundi
63204,Cameroun
63212,Congo
63214,Gabon
63215,Guinée Équatoriale
63216,République centrafricaine
63213,République démocratique du Congo
63217,Rwanda
63219,Tchad
63401,Afrique de l'est
63405,Comores
63412,Djibouti
63413,Érythrée
63414,Éthiopie
63415,Kenya
63416,Madagascar
63417,Maurice
63418,Ouganda
63419,Seychelles
63420,Somalie
63421,Soudan
63423,Soudan du sud
63422,Tanzanie
63301,Afrique de l'ouest
63302,Bénin
63303,Burkina Faso
63305,Cabo Verde
63306,Côte d'Ivoire
63307,Gambie
63308,Ghana
63309,Guinée
63310,Guinée-Bissao
63311,Libéria
63312,Mali
63313,Mauritanie
63314,Niger
63315,Nigéria
63319,Sao Tomé et Principe
63316,Sénégal
63317,Sierra Léone
63318,Togo
63101,Afrique du nord
63102,Algérie
63103,Égypte
63104,Libye
63105,Maroc
63106,Tunisie
64054,Amérique
64201,Amérique centrale
64226,Antigua et Barbuda
64227,Bahamas
64228,Barbade
64229,Belize
64230,Costa Rica
64231,Cuba
64242,Dominique
64233,Grenade
64234,Guatemala
64235,Haïti
64236,Honduras
64237,Jamaïque
64238,Nicaragua
64239,Panama
64240,République Dominicaine
64243,Saint-Christophe et Niévès
64245,Saint-Vincent-et-les-Grenadines
64244,Sainte-Lucie
64232,Salvador
64241,Trinité-et-Tobago
64101,Amérique du nord
64102,Canada
64103,États-Unis
64104,Mexique
64301,Amérique du sud
64302,Argentine
64303,Bolivie
64304,Brésil
64305,Chili
64306,Colombie
64307,Équateur
64314,Guyana
64316,Paraguay
64317,Pérou
64318,Suriname
64319,Uruguay
64321,Vénézuela
66054,Antartique
62054,Asie
62401,Asie centrale
62402,Afghanistan
62403,Kazakhstan
62404,Kirghizstan
62309,Mongolie
62406,Ouzbékistan
62407,Tadjikistan
62408,Turkménistan
62301,Asie de l'est
62302,Chine
62303,Corée du Nord
62304,Corée du Sud
62306,Japon
62101,Asie du sud
62102,Bangladesh
62103,Bhoutan
62104,Inde
62105,Maldives
62106,Népal
62107,Pakistan
62108,Sri Lanka
62201,Asie du sud-est
62217,Birmanie
62212,Brunei
62213,Cambodge
62214,Indonésie
62215,Laos
62216,Malaisie
62219,Philippines
62220,Singapour
62221,Thaïlande
62223,Timor-Est
62222,Viêt Nam
62501,Asie occidentale
62502,Arabie Saoudite
62503,Arménie
62504,Azerbaïdjan
62505,Bahreïn
62507,Émirats Arabes Unis
62506,Géorgie
62508,Irak
62509,Iran
62510,Israël/Territoires palestiniens
62511,Jordanie
62512,Koweït
62513,Liban
62514,Oman
62520,Qatar
62521,Syrie
62522,Turquie
62523,Yémen
61054,Europe
61261,Europe de l'est
61221,Biélorussie
61223,Bulgarie
61240,Hongrie
61244,Moldavie
61245,Pologne
61246,République tchèque
61247,Roumanie
61248,Russie
61249,Slovaquie
61251,Ukraine
61262,Europe de l'ouest
61119,Allemagne
61122,Autriche
61123,Belgique
61127,France
61139,Liechtenstein
61140,Luxembourg
61143,Pays-Bas
61147,Suisse
61263,Europe du nord
61124,Danemark
61225,Estonie
61126,Finlande
61129,Irlande
61130,Islande
61241,Lettonie
61242,Lituanie
61142,Norvège
61145,Royaume-Uni
61146,Suède
61264,Europe du sud
61202,Albanie
61243,Ancienne république yougoslave de Macédoine (ARYM)
61120,Andorre
61222,Bosnie-Herzégovine
61253,Chypre
61224,Croatie
61125,Espagne
61239,Grèce
61131,Italie
61267,Kosovo
61141,Malte
61257,Monaco
61256,Monténégro
61144,Portugal
61259,Saint-Marin
61255,Serbie
61250,Slovénie
61260,Vatican (Saint Siège)
65054,Océanie
65102,Australie
65111,États fédérés de Micronésie
65120,Îles Cook
65103,Îles Fidji
65108,Îles Marshall
65109,Îles Salomon
65110,Kiribati
65112,Nauru
65121,Niué
65113,Nouvelle-Zélande
65114,Papouasie-Nouvelle-Guinée
65119,République des Palaos
65115,Samoa
65116,Tonga
65117,Tuvalu
65118,Vanuatu
81099,autre public
81069,bénévole
81060,conjoint collaborateur d'artisan
81062,conjoint collaborateur d'exploitant agricole
81014,élu
81018,femme
81020,handicapé
81027,handicapé mental
81025,handicapé moteur
81026,handicapé sensoriel
81024,jeune 16-25 ans
81050,"particulier, individuel"
81021,public analphabète
81061,public de la formation initiale
81019,public en situation d'illettrisme
81022,public immigré
81023,primo-arrivant
81031,public plan investissement compétences
81042,public réfugié
81013,public sous main de justice
82058,public en emploi
82055,agent de la fonction publique
82070,agent de la fonction publique de l'État
82075,agent de la fonction publique européenne
82071,agent de la fonction publique hospitalière
82074,agent de la fonction publique territoriale
82004,artisan
82009,commerçant
82069,délégué syndical
82064,élu local
82015,enseignant
82017,"exploitant agricole, salarié agricole"
82016,formateur
82018,maître d'apprentissage
82066,membre élu du comité social économique
82038,profession libérale
82044,salarié
82046,salarié de l'artisanat
82019,tuteur
80001,public sans emploi
80004,cadre demandeur d'emploi
80006,demandeur d'emploi
80007,demandeur d'emploi longue durée
80009,demandeur d'emploi moins de 26 ans
80003,demandeur d'emploi plus de 26 ans
80008,licencié pour motif économique
83056,tout public
99054,aires d'influence
99008,bassin d'emploi
99011,communauté d'agglomération
99010,communauté de communes
99004,départementale
99006,inter-départementale
99001,inter-régionale
99003,locale
99005,nationale
99002,régionale
99009,zone d'emploi
95054,"certifications qualité, chartes, labels"
95020,certifications et labels qualité reconnus par le Cnefop
95012,label GretaPlus
98554,dispositifs/mesures emploi-formation
98801,action de formation conventionnée
98802,action de formation préalable au recrutement
98803,aide individuelle à la formation
98823,compte personnel de formation
98601,congé bilan de compétences
98602,congé d'enseignement ou de recherche et d'innovation
98603,congé de formation de cadres et d'animateurs pour la jeunesse
98604,congé de formation des jeunes salariés
98605,"congé de formation pour IRP, élus et autres mandants"
98606,"congé de formation économique, sociale et syndicale"
98607,congé de formation mutualiste
98608,formation des conseillers prud'hommes
98609,formation des élus locaux
98619,formation des membres du comité social économique
98611,formation des représentants des salariés actionnaires au conseil de surveillance
98613,formation du conseiller du salarié
98614,congé de reconversion professionnelle
98615,congé examen
98617,congé pour reprise ou création d'entreprise
98618,congé pour validation des acquis de l'expérience
98701,contrat aidé
98711,contrat de génération
98703,contrat unique d'insertion
98704,contrat d'accompagnement à l'emploi
98705,contrat initiative emploi
98706,emploi d'avenir
98707,emploi d’avenir professeur
98708,contrat d'accueil et d'intégration
98709,contrat d'insertion dans la vie sociale
98720,contrat d'insertion professionnelle intérimaire
98710,contrat de formation professionnelle
98721,contrat de rééducation professionnelle
98712,contrat de sécurisation professionnelle
98713,contrat de volontariat pour l'insertion
98714,contrat développement professionnel intérimaire
98715,contrat en alternance
98717,contrat de professionnalisation
98716,contrat d’apprentissage
98718,cycle d'insertion professionnelle par alternance
98719,"parcours d’accès aux carrières territoriales, hospitalières et de l’État"
98722,contrat service civique
98616,CPF transition professionnelle
98804,développement professionnel continu
98805,DIF
98808,école de la deuxième chance
98809,études promotionnelles
98812,formation complémentaire d'initiative locale
98810,formation des sapeurs-pompiers volontaires
98811,formation intégrée
98813,itinéraire personnalisé d'accès à la qualification diplômes
98814,module d'accueil en lycée
98815,module de repréparation à l'examen par alternance
98816,période de professionnalisation
98817,plan de formation
98818,plan de professionnalisation personnalisé
98819,POE
98820,service militaire adapté
98821,stage de préparation à l'installation
98822,tutorat
98054,financeurs
98012,ACSÉ
98011,AGEFIPH
98019,Bénéficiaire action
98006,Collectivité territoriale-autre
98005,Collectivité territoriale-conseil régional
98009,Collectivité territoriale-conseil départemental
98008,Collectivité territoriale-commune
98021,commission paritaire interprofessionnelle régionale
98020,Entreprise
98004,État
98040,État-ministère
98016,État-ministère chargé de l'éducation nationale
98015,État-ministère chargé de l'emploi
98010,Financement européen
98037,Financement européen-FSE
98017,OPACIF
98018,OPCO
98013,Pôle emploi
94054,fonctions de l'organisme
94000,accompagnement stagiaire
94018,accompagnement VAE
94001,accueil stagiaire étranger
94019,aide à la recherche d'emploi
94002,atelier de pédagogie personnalisée
94020,centre de ressources formation
94005,conception FOAD
94004,conception outil pédagogique
94006,conseil et service en formation
94007,étude et recherche
94017,fonction recrutement
94009,formation initiale
94010,FPC activité principale
94011,FPC activité secondaire
94012,gestion parcours de formation
94013,ingénierie de la formation
94014,mise en place de formation à l'étranger
94015,orientation information
94016,prestation de bilan de compétences
94022,prestation de positionnement
99999,information non communiquée
93054,modalités d'accueil
93020,accès handicapés
93018,hébergement possible
93017,restauration possible
92054,modalités d'admission et de recrutement
92005,admission après entretien
92007,admission après test
92009,admission après visite médicale
92003,admission sur concours
92002,admission sur dossier
91554,modalités d'enseignement
91501,formation en présentiel
91502,formation entièrement à distance
91503,formation mixte
96054,modalités d'organisation
96121,modalités pédagogiques
96124,autoformation
96125,autoformation avec tutorat
96126,autoformation sans tutorat
96127,chantier école
96142,en alternance
96129,FOAD
96133,FOAD avec tutorat asynchrone
96130,FOAD avec tutorat synchrone
96131,FOAD sans tutorat
96134,formation action
96147,formation en situation de travail
96135,MOOC
96132,pédagogie adaptée aux handicapés
96149,séjour à l'étranger
96410,périodes de formation
96414,cours de jour
96411,cours du soir
96412,cours le week-end
96413,hors temps de travail
96310,types de lieux
96313,à domicile
96312,en entreprise
96311,en établissement de formation
96210,types de parcours
96213,collectif
96211,individualisé
96214,mixte
96212,modulaire
96554,moyens pédagogiques
96528,document pédagogique
96533,étude de cas
96535,jeux de rôle
96537,multimédia hors réseaux
96541,travaux pratiques
97054,objectif général de formation
97007,"(re)mobilisation, aide à l'élaboration de projet professionnel"
97006,certification
97004,création d'entreprise
97003,"perfectionnement, élargissement des compétences"
97001,préparation à la qualification
97002,professionnalisation
97005,"remise à niveau, maîtrise des savoirs de base, initiation"
91054,rythmes
91003,en continu
91004,en discontinu
91044,temps partiel
91002,temps plein
97554,types de validation
97500,attestation de compétences
97511,attestation de fin de formation
97501,attestation de présence
97502,certificat ou titre privé
97515,certifications diplômes compétences
97513,certification inscrite au répertoire spécifique
97505,certification inscrite au RNCP
97508,bloc de compétences
97512,certification non inscrite au RNCP
97507,habilitation
97503,livret de stage
97506,qualification de branche professionnelle
97504,validation modulaire
92554,types entrée/sortie
92504,à la demande
92503,cadencé
92502,entrée/sortie à dates fixes
92501,entrée/sortie permanente
72454,application
72410,application réseau social
72411,application réseau social Facebook
72420,application réseau social professionnel
72412,application réseau social Twitter
71954,framework
71909,framework ADO.NET
71905,framework AngularJS
71906,framework Backbone.js
71904,framework Bootstrap
71908,framework Entity
71907,framework Hibernate
71901,framework jQuery
71903,framework jQuery Mobile
71902,framework jQuery UI
71910,framework symfony
70154,logiciel abonnement presse
70254,logiciel aide décision
70201,logiciel Business Objects
70202,logiciel Cognos
70203,logiciel Crystal Reports
70204,logiciel Hyperion
72554,logiciel architecture
72501,logiciel ArchiCAD
72503,logiciel Revit
72502,logiciel SketchUp
72754,logiciel audiovisuel
72740,logiciel cinéma animation
72742,logiciel Cinema 4D
72741,logiciel Nuke
72710,logiciel montage audiovisuel
72713,logiciel Final Cut Pro
72712,logiciel Media Composer
72714,logiciel Pinnacle Studio
72711,logiciel Premiere Pro
72730,logiciel montage son
72720,logiciel postproduction
72721,logiciel encore dvd
71854,logiciel autre
71803,logiciel Infopath
71802,logiciel Tanagra
71804,logiciel VMware
70354,logiciel bureautique
70310,logiciel PREAO
70311,logiciel Impress
70312,logiciel Power Point
70313,logiciel Visio
70320,logiciel tableur
70321,logiciel Calc
70322,logiciel Excel
70323,logiciel Lotus
70330,logiciel traitement texte
70332,logiciel Word
70333,logiciel Writer
70454,logiciel CFAO
70401,logiciel Catia
70402,logiciel Topsolid
71454,logiciel conception web
71401,logiciel Director
71402,logiciel Dreamweaver
71408,logiciel Edge Animate
71404,logiciel Expression web
71410,logiciel Fireworks
71403,logiciel Flash
71409,logiciel Muse
71405,logiciel Sharepoint Designer
71407,logiciel Web Designer
71406,logiciel Webdev
70554,logiciel documentaire veille
70501,logiciel Alexandrie
70502,logiciel JLB
70503,logiciel Kentika
70504,logiciel PMB
72854,logiciel e-mailing
70654,logiciel gestion comptable commerciale
70601,logiciel Ciel
70602,logiciel EBP
70604,logiciel Quadratus Comptabilité
70603,logiciel Sage
72254,logiciel gestion contenu entreprise
72201,logiciel Alfresco
72202,logiciel Sharepoint
70754,logiciel gestion de contenu
70701,logiciel Drupal
70702,logiciel eZ Publish
70710,logiciel gestion de contenu e-commerce
70712,logiciel Magento
70711,logiciel Prestashop
70703,logiciel Joomla
70704,logiciel Plone
70705,logiciel Spip
70706,logiciel Typo3
70707,logiciel WordPress
70854,logiciel gestion intégré
70801,logiciel SAP
70954,logiciel gestion projet
70901,logiciel Ms-Project
71054,logiciel gestion réseau
71001,logiciel Lan Manager
71002,logiciel Novell Netware
71154,logiciel graphique
71110,logiciel DAO/CAO
71111,logiciel Autocad
71115,logiciel Draftsight
71113,logiciel Painter
71114,logiciel Solidworks
71140,logiciel image synthèse
71141,logiciel Blender
71142,logiciel Lightwave 3D
71143,logiciel Maya
71144,logiciel ZBrush
71120,logiciel PAO
71121,logiciel Acrobat
71123,logiciel InDesign
71125,logiciel Publisher
71126,logiciel Scribus
71127,logiciel XPress
71130,logiciel traitement image
71131,logiciel Corel Draw
71135,logiciel Gimp
71132,logiciel Illustrator
71134,logiciel Inkscape
71133,logiciel Photoshop
71754,logiciel libre
71701,logiciel open source
71254,logiciel messagerie électronique
71201,logiciel Exchange
71202,logiciel Notes
71203,logiciel Outlook
71204,logiciel Thunderbird
71205,logiciel Zimbra
71354,logiciel navigateur internet
71301,logiciel Firefox
71302,logiciel Google Chrome
71303,logiciel Internet Explorer
71304,logiciel Opera
71305,logiciel Safari
71554,logiciel production musicale
71501,logiciel Cubase
71502,logiciel Finale
71503,logiciel Logic Pro
71504,logiciel Max/MSP
71505,logiciel Pro Tools
71506,logiciel Pyramix
71507,logiciel Sibelius
72054,logiciel serveur applications
72001,logiciel Apache Tomcat
72002,logiciel Websphere Application Server
72154,logiciel serveur web
72101,logiciel Apache
72102,logiciel Internet Information Services
71654,logiciel système gestion bases données
71630,logiciel SGBD bureautique
71632,logiciel Access
71631,logiciel Filemaker Pro
71633,logiciel OpenOffice Base
71670,logiciel SGBD embarqué
71620,logiciel SGBD hiérarchique
71660,logiciel SGBD NoSQL
71661,logiciel MongoDB
71640,logiciel SGBD orienté objet
71610,logiciel SGBD relationnel
71613,logiciel DB2
71614,logiciel Informix
71611,logiciel MySQL
71612,logiciel Oracle
71616,logiciel PostgreSQL
71615,logiciel SQL Server
72654,logiciel système information géographique
72601,logiciel ArcGis
72603,logiciel Géoconcept
72602,logiciel Mapinfo Professionnal
72354,service web
72310,service cloud computing
72311,service Apps for Works
72313,service Azure
72312,service Office 365
72320,service mesure audience site internet
72321,service Analytics
72330,service référencement site internet
72331,service Adwords